cig;cig_accordo_quadro;numero_gara;oggetto_gara;importo_complessivo_gara;n_lotti_componenti;oggetto_lotto;importo_lotto;oggetto_principale_contratto;stato;settore;luogo_istat;provincia;data_pubblicazione;data_scadenza_offerta;cod_tipo_scelta_contraente;tipo_scelta_contraente;cod_modalita_realizzazione;modalita_realizzazione;codice_ausa;cf_amministrazione_appaltante;denominazione_amministrazione_appaltante;sezione_regionale;id_centro_costo;denominazione_centro_costo;anno_pubblicazione;mese_pubblicazione;cod_cpv;descrizione_cpv;flag_prevalente;COD_MOTIVO_CANCELLAZIONE;MOTIVO_CANCELLAZIONE;DATA_CANCELLAZIONE;DATA_ULTIMO_PERFEZIONAMENTO;COD_MODALITA_INDIZIONE_SPECIALI;MODALITA_INDIZIONE_SPECIALI;COD_MODALITA_INDIZIONE_SERVIZI;MODALITA_INDIZIONE_SERVIZI;DURATA_PREVISTA;COD_STRUMENTO_SVOLGIMENTO;STRUMENTO_SVOLGIMENTO;FLAG_URGENZA;COD_MOTIVO_URGENZA;MOTIVO_URGENZA;FLAG_DELEGA;FUNZIONI_DELEGATE;CF_SA_DELEGANTE;DENOMINAZIONE_SA_DELEGANTE;CF_SA_DELEGATA;DENOMINAZIONE_SA_DELEGATA;IMPORTO_SICUREZZA;TIPO_APPALTO_RISERVATO;CUI_PROGRAMMA;FLAG_PREV_RIPETIZIONI;COD_IPOTESI_COLLEGAMENTO;IPOTESI_COLLEGAMENTO;CIG_COLLEGAMENTO;COD_ESITO;ESITO;DATA_COMUNICAZIONE_ESITO;FLAG_PNRR_PNC
949930634C;;8804888;GARA EUROPEA A PROCEDURA TELEMATICA APERTA AI SENSI DELL'ART. 60 DEL D.LGS. N. 50/2016 E S.M.I. PER L'AFFIDAMENTO DELLA FORNITURA DI DISPOSITIVI MEDICI E STRUMENTI ENDOSCOPICI MONOUSO PER UROLOGIA ENDOSCOPICA INTERVENTISTICA E SPECIALISTICA OCCORRENTE ALL'A.O.U. MAGGIORE DELLA CARITA' DI NOVARA E ALLE AA.SS.LL. BI-NO-VC-VCO AFFERENTI ALL'AREA INTERAZIENDALE DI COORDINAMENTO N^3 PER UN PERIODO DI MESI 48 OLTRE A MESI 18 DI OPZIONE DI RINNOVO.;28626792.5;69;LOTTO 8 - ESTRATTORI DA CALCOLI A 3 FILI CON ESTREMITA' APERTA;343684.0;FORNITURE;ATTIVO;SETTORI ORDINARI;;;04/01/2023;24/02/2023;1;PROCEDURA APERTA;17;ACCORDO QUADRO;188543;1521330033;AZIENDA OSPEDALIERO-UNIVERSITARIA MAGGIORE DELLA CARITA ;SEZIONE REGIONALE PIEMONTE;794C9340-6B6A-4044-BB92-CF832BC0E8AF;S.C. COORDINAMENTO AMBITO SOVRAZONALE GESTIONE ACQUISTI;2023;1;33190000-8;DISPOSITIVI E PRODOTTI MEDICI VARI;1;;;;24/01/2023;;;;;1460.0;5.0;PROCEDURE SVOLTE ATTRAVERSO PIATTAFORME TELEMATICHE DI NEGOZIAZIONE ART.58;0;;;;;;;;;;;;1;;;;;;;0
9492201C0E;9098035FFA;8799734;RECEPIMENTO PROTESI E DM NEUROCHIRURGIA - LOTTO 6 - GLOBUS MEDICAL ITALY SRL;23333.33;1;RECEPIMENTO PROTESI E DM NEUROCHIRURGIA - LOTTO 6 - GLOBUS MEDICAL ITALY SRL;23333.33;FORNITURE;ATTIVO;SETTORI ORDINARI;;;30/01/2023;30/01/2023;27;AFFIDAMENTO DIRETTO IN ADESIONE AD ACCORDO QUADRO/CONVENZIONE;11;CONTRATTO D'APPALTO DISCENDENTE DA ACCORDO QUADRO/CONVENZIONE SENZA SUCCESSIVO CONFRONTO COMPETITIVO;547219;13664791004;AZIENDA SANITARIA LOCALE ROMA 1;SEZIONE REGIONALE LAZIO;1B8598E7-93B8-4B25-BEC4-EF579DDAD0BA;U.O.C ACQUISIZIONE BENI E SERVIZI;2023;1;33184100-4;PROTESI CHIRURGICHE;1;;;;30/01/2023;;;;;365.0;7.0;SISTEMA DINAMICO DI ACQUISIZIONE;0;;;;;;;;;0.0;;;0;;;;1.0;AGGIUDICATA;30/01/2023;0
9713950D1E;8084746F71;8999432;ORDINE PER FORNITURA FARMACI (ACCORDO QUADRO CIG 8084746F71) - COMIFAR;16000.0;1;ORDINE PER FORNITURA FARMACI (ACCORDO QUADRO CIG 8084746F71) - COMIFAR;16000.0;FORNITURE;ATTIVO;SETTORI ORDINARI;17032;BRESCIA;01/01/2023;01/01/2023;27;AFFIDAMENTO DIRETTO IN ADESIONE AD ACCORDO QUADRO/CONVENZIONE;11;CONTRATTO D'APPALTO DISCENDENTE DA ACCORDO QUADRO/CONVENZIONE SENZA SUCCESSIVO CONFRONTO COMPETITIVO;196580;2301860983;A.S.C. S.R.L. UNIPERSONALE;SEZIONE REGIONALE LOMBARDIA;1C1ED8F2-1044-459D-AA0D-6522F56F5EB4;SETTORE FARMACIA;2023;1;33690000-3;MEDICINALI VARI;1;;;;15/03/2023;;;;;31.0;5.0;PROCEDURE SVOLTE ATTRAVERSO PIATTAFORME TELEMATICHE DI NEGOZIAZIONE ART.58;0;;;;;;;;;;;;0;;;;;;;0
9708946BB0;;8994956;SERVIZI DI GEOLOGIA E GEOTECNICA IVI COMPRESA LA RELAZIONE GEOLOGICA RELATIVAMENTE ALL'INTERVENTO DENOMINATO - ADEGUAMENTO STRUTTURALE E RIFUNZIONALIZZAZIONE SCUOLA DELL'INFANZIA PLESSO VIA ROSSINI CON RIGENERAZIONE URBANA DELL'AREA PERTINENZIALE;7280.0;1;SERVIZI DI GEOLOGIA E GEOTECNICA IVI COMPRESA LA RELAZIONE GEOLOGICA RELATIVAMENTE ALL'INTERVENTO DENOMINATO - ADEGUAMENTO STRUTTURALE E RIFUNZIONALIZZAZIONE SCUOLA DELL'INFANZIA PLESSO VIA ROSSINI CON RIGENERAZIONE URBANA DELL'AREA PERTINENZIALE;7280.0;SERVIZI;ATTIVO;SETTORI ORDINARI;61094;CASERTA;23/01/2023;26/01/2023;24;AFFIDAMENTO DIRETTO;1;CONTRATTO D'APPALTO;240969;81001230614;COMUNE DI TRENTOLA DUCENTA;SEZIONE REGIONALE CAMPANIA;91E42940-401D-48DB-AA3F-57C4BEB4DA4B;AREA LL.PP. - MANUTENTIVA E PATRIMONIO;2023;1;71351910-5;SERVIZI GEOLOGICI;1;;;;13/03/2023;;;7.0;PROCEDURA CHE NON PREVEDE INDIZIONE DI GARA;30.0;5.0;PROCEDURE SVOLTE ATTRAVERSO PIATTAFORME TELEMATICHE DI NEGOZIAZIONE ART.58;0;;;;;;;;;;;L81001230614202200006;0;;;;;;;1
9712782942;;8997748;ANMSSIS17111_3 - SERVIZIO PROVE DI LABORATORIO, IN SITU E CONTROLLO QUALITÀ DEI MATERIALI E DELLE LAVORAZIONI - S.P. 64 NURSINA INTERVENTI DI RIPRISTINO DEL CORPO STRADALE E REALIZZAZIONE DI OPERE DI PROTEZIONE DALLA CADUTA MASSI DAL KM 0+000 AL KM 12+200 (LOCALITÀ FORCHE CANAPINE) - TERZO STRALCIO FUNZIONALE DALLINNESTO CON LA S.S.685 A FORCHE CANAPINE;61000.0;1;ANMSSIS17111_3 - SERVIZIO PROVE DI LABORATORIO, IN SITU E CONTROLLO QUALITÀ DEI MATERIALI E DELLE LAVORAZIONI - S.P. 64 NURSINA INTERVENTI DI RIPRISTINO DEL CORPO STRADALE E REALIZZAZIONE DI OPERE DI PROTEZIONE DALLA CADUTA MASSI DAL KM 0+000 AL KM 12+200 (LOCALITÀ FORCHE CANAPINE) - TERZO STRALCIO FUNZIONALE DALLINNESTO CON LA S.S.685 A FORCHE CANAPINE;61000.0;SERVIZI;ATTIVO;SETTORI ORDINARI;;;23/01/2023;31/01/2023;24;AFFIDAMENTO DIRETTO;1;CONTRATTO D'APPALTO;239147;80208450587;ANAS SPA;SEZIONE REGIONALE CENTRALE;259;STRUTTURA TERRITORIALE MARCHE - ST9;2023;1;71350000-6;SERVIZI SCIENTIFICI E TECNICI CONNESSI ALL'INGEGNERIA;1;;;;14/03/2023;;;;;365.0;1.0;PROCEDURA SVOLTA IN MODALITÀ TRADIZIONALE O CARTACEA;0;;;;;;;;;2000.0;;8,02E+19;0;;;;;;;0
97146330C3;90373934A1;9000098;LOTTO 71 BUSTE STERILIZZAZIONE GARA CONSORZIATA CON ASP PALERMO FORNITURA QUINQUENNALE MATERIALE SANITARIO;40861.45;1;LOTTO 71 BUSTE STERILIZZAZIONE GARA CONSORZIATA CON ASP PALERMO FORNITURA QUINQUENNALE MATERIALE SANITARIO;40861.45;FORNITURE;ATTIVO;SETTORI ORDINARI;84001;AGRIGENTO;26/01/2023;26/01/2023;27;AFFIDAMENTO DIRETTO IN ADESIONE AD ACCORDO QUADRO/CONVENZIONE;11;CONTRATTO D'APPALTO DISCENDENTE DA ACCORDO QUADRO/CONVENZIONE SENZA SUCCESSIVO CONFRONTO COMPETITIVO;200146;2570930848;AZIENDA SANITARIA PROVINCIALE DI AGRIGENTO;SEZIONE REGIONALE SICILIA;CB617C76-6404-4B44-A3E6-84F8D59BA6A1;SERVIZIO PROVVEDITORATO;2023;1;33190000-8;DISPOSITIVI E PRODOTTI MEDICI VARI;1;;;;15/03/2023;;;;;1825.0;5.0;PROCEDURE SVOLTE ATTRAVERSO PIATTAFORME TELEMATICHE DI NEGOZIAZIONE ART.58;0;;;;;;;;;;;F02570930848202200093;0;;;;;;;0
9737176BD2;;9018691;PNC - SAGGI PER VERIFICA MURATURA E SCAVI FONDAZIONI CABINA ELETTRICA PO VOLTERRA;1681.84;1;PNC - SAGGI PER VERIFICA MURATURA E SCAVI FONDAZIONI CABINA ELETTRICA PO VOLTERRA;1681.84;SERVIZI;ATTIVO;SETTORI ORDINARI;50039;PISA;17/01/2023;24/01/2023;24;AFFIDAMENTO DIRETTO;1;CONTRATTO D'APPALTO;547401;2198590503;AZIENDA USL TOSCANA NORD OVEST;SEZIONE REGIONALE TOSCANA;1D43AD81-CCCA-42CD-A05D-1D75CFD98A26;UFFICIO TECNICO;2023;1;71250000-5;SERVIZI ARCHITETTONICI, DI INGEGNERIA E MISURAZIONE;1;;;;27/03/2023;;;;;2.0;1.0;PROCEDURA SVOLTA IN MODALITÀ TRADIZIONALE O CARTACEA;0;;;;;;;;;0.0;;;0;;;;1.0;AGGIUDICATA;06/04/2023;1
9467576ADD;;8777621;SERVIZIO MENSA SCOLASTICA A.S. 2022-2023, 2023-2024 ED EVENTUALE OPZIONE 2024-2025;715312.5;1;SERVIZIO MENSA SCOLASTICA A.S. 2022-2023, 2023-2024 ED EVENTUALE OPZIONE 2024-2025;715312.5;SERVIZI;ATTIVO;SETTORI ORDINARI;65056;SALERNO;13/01/2023;17/02/2023;1;PROCEDURA APERTA;1;CONTRATTO D'APPALTO;551234;CFAVCP-00010B6;CENTRALE UNICA DI COMMITTENZA DELL'AREA SELE-PICENTINI;SEZIONE REGIONALE CAMPANIA;23A7AA32-5424-45CC-B2DA-DB788344919D;AREA TECNICA -LAVORI PUBBLICI - COMUNE DI GIFFONI VALLE PIANA;2023;1;55524000-9;SERVIZI DI RISTORAZIONE SCOLASTICA;1;;;;13/01/2023;;;;;350.0;5.0;PROCEDURE SVOLTE ATTRAVERSO PIATTAFORME TELEMATICHE DI NEGOZIAZIONE ART.58;0;;;;;;;;;2812.5;;S00620980656202200002;1;;;;1.0;AGGIUDICATA;09/10/2023;0
9601726AF2;;8900928;PROGETTO RIQUALIFICAZIONE ENERGETICA EDIFICI SCOLASTICI CENTRO ABITATO MOSCUFO;36720.87;1;PROGETTO RIQUALIFICAZIONE ENERGETICA EDIFICI SCOLASTICI CENTRO ABITATO MOSCUFO;36720.87;SERVIZI;ATTIVO;SETTORI ORDINARI;68025;PESCARA;13/01/2023;18/01/2023;24;AFFIDAMENTO DIRETTO;1;CONTRATTO D'APPALTO;239246;80014150686;COMUNE DI MOSCUFO;SEZIONE REGIONALE ABRUZZO;70C854F7-AC06-4B94-A204-54DD39F4F2E1;UFFICIO LAVORI PUBBLICI;2023;1;71314300-5;SERVIZI DI CONSULENZA IN EFFICIENZA ENERGETICA;1;;;;16/01/2023;;;;;90.0;4.0;CATALOGO ELETTRONICO ART.57: RICHIESTA DI OFFERTA;0;;;;;;;;;0.0;;1,00E+22;0;;;;1.0;AGGIUDICATA;19/01/2023;1
963929992B;948635107F;8934157;GARA CRC MEDICINALI 16 - LOTTO 11;6713348.49;1;GARA CRC MEDICINALI 16 - LOTTO 11;6713348.49;FORNITURE;ATTIVO;SETTORI ORDINARI;;;30/01/2023;30/01/2023;27;AFFIDAMENTO DIRETTO IN ADESIONE AD ACCORDO QUADRO/CONVENZIONE;11;CONTRATTO D'APPALTO DISCENDENTE DA ACCORDO QUADRO/CONVENZIONE SENZA SUCCESSIVO CONFRONTO COMPETITIVO;670501;3990570925;AZIENDA REGIONALE DELLA SALUTE REGIONE SARDEGNA;NON CLASSIFICATO;B70CC6C7-75A4-4236-B105-B17FEEFD3A03;DIPARTIMENTO ACQUISTI E GESTIONE PATRIMONIALE;2023;1;33690000-3;MEDICINALI VARI;1;;;;01/03/2023;;;;;1095.0;5.0;PROCEDURE SVOLTE ATTRAVERSO PIATTAFORME TELEMATICHE DI NEGOZIAZIONE ART.58;0;;;;;;;;;0.0;;F03990570925202300113;1;;;;1.0;AGGIUDICATA;19/12/2023;0
954983337F;;8852983;SERVIZI ENERGETICI PER LA RIQUALIFICAZIONE, ADEGUAMENTO NORMATIVO E GESTIONE DEGLI IMPIANTI DI PUBBLICA ILLUMINAZIONE E SEMAFORICI, NONCHE' RIQUALIFICAZIONE E MANUTENZIONE ORDINARIA DEGLI IMPIANTI TERMICI E DI ILLUMINAZIONE INTERNA DEGLI EDIFICI DI PROPRIETÀ COMUNALE, REALIZZAZIONE E GESTIONE DI INFRASTRUTTURE FINALIZZATE ALL'EROGAZIONE DI SERVIZI SMART CITY, COMPRESA FORNITURA DEI VETTORI ENERGETICI PER IL PERIODO 2023 - 2043;10998865;1;SERVIZI ENERGETICI PER LA RIQUALIFICAZIONE, ADEGUAMENTO NORMATIVO E GESTIONE DEGLI IMPIANTI DI PUBBLICA ILLUMINAZIONE E SEMAFORICI, NONCHE' RIQUALIFICAZIONE E MANUTENZIONE ORDINARIA DEGLI IMPIANTI TERMICI E DI ILLUMINAZIONE INTERNA DEGLI EDIFICI DI PROPRIETÀ COMUNALE, REALIZZAZIONE E GESTIONE DI INFRASTRUTTURE FINALIZZATE ALL'EROGAZIONE DI SERVIZI SMART CITY, COMPRESA FORNITURA DEI VETTORI ENERGETICI PER IL PERIODO 2023 - 2043;10998865;FORNITURE;ATTIVO;SETTORI ORDINARI;48038;FIRENZE;03/01/2023;27/02/2023;1;PROCEDURA APERTA;17;ACCORDO QUADRO;332390;94188150489;UNIONE COMUNALE DEL CHIANTI FIORENTINO;SEZIONE REGIONALE TOSCANA;92B9764E-5D74-4A33-90D8-94BBCEE3FCF1;C.U.C.;2023;1;71314200-4;SERVIZI DI GESTIONE ENERGIA;1;;;;09/01/2023;;;;;7300.0;5.0;PROCEDURE SVOLTE ATTRAVERSO PIATTAFORME TELEMATICHE DI NEGOZIAZIONE ART.58;0;;;1;SOLO AGGIUDICAZIONE;793290487;COMUNE DI SAN CASCIANO IN VAL DI PESA;94188150489;UNIONE COMUNALE DEL CHIANTI FIORENTINO;133223.0;;S00793290487202200010;0;;;;1.0;AGGIUDICATA;19/12/2023;0
9,57E+15;;8869861;FORNITURA DI SERVIZI SOFTWARE DI EVOLUZIONE E CONDUZIONE APPLICATIVA PER PIATTAFORME DI SERVIZI ONLINE AI CITTADINI;168509.2;4;EVOLUZIONE E CONDUZIONE APPLICATIVA DELLA PIATTAFORMA SOFTWARE TURISMO DIGITALE;39800.01;SERVIZI;ATTIVO;SETTORI ORDINARI;72006;BARI;09/01/2023;12/01/2023;24;AFFIDAMENTO DIRETTO;1;CONTRATTO D'APPALTO;238809;80015010723;COMUNE DI BARI;SEZIONE REGIONALE PUGLIA;8FEF5956-3451-4EAA-B5BB-696668B9B0C8;RIPARTIZIONE INNOVAZIONE TECNOLOGICA SISTEMI INFORMATIVI E TLC;2023;1;72211000-7;SERVIZI DI PROGRAMMAZIONE DI SOFTWARE DI SISTEMI E DI UTENTE;1;;;;19/01/2023;;;;;180.0;5.0;PROCEDURE SVOLTE ATTRAVERSO PIATTAFORME TELEMATICHE DI NEGOZIAZIONE ART.58;0;;;;;;;;;;;S80015010723202100170;0;;;;;;;0
A03AC4D6C5;920893096F;9485100;LAVORI DI MANUTENZIONE ORDINARIA PER SOSTITUZIONE DEGLI APPARECCHI DI ILLUMINAZIONE ESTERNA CON TECNOLOGIA A LED, SOSTITUZIONE ED AMPLIAMENTO DELL'IMPIANTO DI VIDEOSORVEGLIANZA, REVISIONE DELL'IMPIANTO AUTOCLAVE CON SOSTITUZIONE PARTI ELETTRICHE E MECCANICHE MAL FUNZIONANTI, SOSTITUZIONE DELLA CALDAIA A GAS METANO DELL'ALLOGGIO DI SERVIZIO, PRESSO L'IMMOBILE ADIBITO A CASERMA DEI CARABINIERI, SITO A SAN DONATO DI NINEA (CS) IN C.DA LICASTRO.;72284.11;1;LAVORI DI MANUTENZIONE ORDINARIA PER SOSTITUZIONE DEGLI APPARECCHI DI ILLUMINAZIONE ESTERNA CON TECNOLOGIA A LED, SOSTITUZIONE ED AMPLIAMENTO DELL'IMPIANTO DI VIDEOSORVEGLIANZA, REVISIONE DELL'IMPIANTO AUTOCLAVE CON SOSTITUZIONE PARTI ELETTRICHE E MECCANICHE MAL FUNZIONANTI, SOSTITUZIONE DELLA CALDAIA A GAS METANO DELL'ALLOGGIO DI SERVIZIO, PRESSO L'IMMOBILE ADIBITO A CASERMA DEI CARABINIERI, SITO A SAN DONATO DI NINEA (CS) IN C.DA LICASTRO.;72284.11;LAVORI;ATTIVO;SETTORI ORDINARI;78115;COSENZA;27/01/2023;27/01/2023;27;AFFIDAMENTO DIRETTO IN ADESIONE AD ACCORDO QUADRO/CONVENZIONE;21;CONTRATTO DI CONCESSIONE DI SERVIZI DISCENDENTE DA ACCORDO QUADRO/CONVENZIONE SENZA SUCCESSIVO CONFRONTO COMPETITIVO;243967;80020960821;MINISTERO DELLE INFRASTRUTTURE E TRASPORTI-S.I.I.T. SICILIA E CALABRIA;SEZIONE REGIONALE CENTRALE;9B505970-D00D-472A-8861-771E4D4BF156;PROVVEDITORATO INTERREGIONALE SICILIA-CALABRIA SEDE COORDINATA CATANZARO;2023;1;45454000-4;LAVORI DI RISTRUTTURAZIONE;1;;;;10/12/2023;;;;;90.0;1.0;PROCEDURA SVOLTA IN MODALITÀ TRADIZIONALE O CARTACEA;0;;;1;AGGIUDICAZIONE, STIPULA ED ESECUZIONE DEL CONTRATTO;6340981007;AGENZIA DEL DEMANIO;80020960821;MINISTERO DELLE INFRASTRUTTURE E TRASPORTI-S.I.I.T. SICILIA E CALABRIA;1365.76;;;0;;;;;;;0
9500054C8E;;8804888;GARA EUROPEA A PROCEDURA TELEMATICA APERTA AI SENSI DELL'ART. 60 DEL D.LGS. N. 50/2016 E S.M.I. PER L'AFFIDAMENTO DELLA FORNITURA DI DISPOSITIVI MEDICI E STRUMENTI ENDOSCOPICI MONOUSO PER UROLOGIA ENDOSCOPICA INTERVENTISTICA E SPECIALISTICA OCCORRENTE ALL'A.O.U. MAGGIORE DELLA CARITA' DI NOVARA E ALLE AA.SS.LL. BI-NO-VC-VCO AFFERENTI ALL'AREA INTERAZIENDALE DI COORDINAMENTO N^3 PER UN PERIODO DI MESI 48 OLTRE A MESI 18 DI OPZIONE DI RINNOVO.;28626792.5;69;LOTTO 49 - CISTOSCOPIO FLESSIBILE MONOUSO;8249200.0;FORNITURE;ATTIVO;SETTORI ORDINARI;;;04/01/2023;24/02/2023;1;PROCEDURA APERTA;17;ACCORDO QUADRO;188543;1521330033;AZIENDA OSPEDALIERO-UNIVERSITARIA MAGGIORE DELLA CARITA ;SEZIONE REGIONALE PIEMONTE;794C9340-6B6A-4044-BB92-CF832BC0E8AF;S.C. COORDINAMENTO AMBITO SOVRAZONALE GESTIONE ACQUISTI;2023;1;33190000-8;DISPOSITIVI E PRODOTTI MEDICI VARI;1;;;;24/01/2023;;;;;1460.0;5.0;PROCEDURE SVOLTE ATTRAVERSO PIATTAFORME TELEMATICHE DI NEGOZIAZIONE ART.58;0;;;;;;;;;200.0;;;1;;;;;;;0
95015807DB;;8807789;CONTRATTO DI MANUTENZIONE E ASSISTENZA CONTINUA 'FULL-RISK' PER IMPIANTI DI ACQUA DIALITICA PER 60 MESI;202550.0;1;CONTRATTO DI MANUTENZIONE E ASSISTENZA CONTINUA 'FULL-RISK' PER IMPIANTI DI ACQUA DIALITICA PER 60 MESI;202550.0;SERVIZI;ATTIVO;SETTORI ORDINARI;96047;BIELLA;27/01/2023;06/02/2023;4;PROCEDURA NEGOZIATA SENZA PREVIA PUBBLICAZIONE;1;CONTRATTO D'APPALTO;191504;1810260024;AZIENDA SANITARIA LOCALE BI;SEZIONE REGIONALE PIEMONTE;CD895FFA-35BA-4056-9D48-C922B8D5F90C;SC TECNICO SETTORE ING CLINICA;2023;1;50411000-9;SERVIZI DI RIPARAZIONE E MANUTENZIONE DI APPARECCHIATURE DI MISURAZIONE;1;;;;27/01/2023;;;6.0;PROCEDURA NEGOZIATA SENZA PREVIO AVVISO DI GARA CONFORMEMENTE ALL'ART.63;1825.0;5.0;PROCEDURE SVOLTE ATTRAVERSO PIATTAFORME TELEMATICHE DI NEGOZIAZIONE ART.58;0;;;;;;;;;500.0;;;0;;;;1.0;AGGIUDICATA;28/02/2023;0
94929294D4;9098165B43;8800315;RECEPIMENTO PROTESI E DM NEUROCHIRURGIA - LOTTO 36 - HD HOSPITAL DEVICE S.R.L.;9000.0;1;RECEPIMENTO PROTESI E DM NEUROCHIRURGIA - LOTTO 36 - HD HOSPITAL DEVICE S.R.L.;9000.0;FORNITURE;ATTIVO;SETTORI ORDINARI;;;30/01/2023;30/01/2023;27;AFFIDAMENTO DIRETTO IN ADESIONE AD ACCORDO QUADRO/CONVENZIONE;11;CONTRATTO D'APPALTO DISCENDENTE DA ACCORDO QUADRO/CONVENZIONE SENZA SUCCESSIVO CONFRONTO COMPETITIVO;547219;13664791004;AZIENDA SANITARIA LOCALE ROMA 1;SEZIONE REGIONALE LAZIO;1B8598E7-93B8-4B25-BEC4-EF579DDAD0BA;U.O.C ACQUISIZIONE BENI E SERVIZI;2023;1;33184100-4;PROTESI CHIRURGICHE;1;;;;30/01/2023;;;;;365.0;7.0;SISTEMA DINAMICO DI ACQUISIZIONE;0;;;;;;;;;0.0;;;0;;;;1.0;AGGIUDICATA;30/01/2023;0
96173475CF;8097620F67;8914334;LOTTO384- PROCEDURA APERTA TELEMATICA CENTRALIZZATA PER LA FORNITURA IN SOMMINISTRAZIONE CINQUENNALE DI DISPOSITIVI MEDICI PER ANESTESIA E RIANIMAZIONE E TERAPIA DEL DOLORE - BACINO OCCIDENTALE;6050.0;1;LOTTO384- SUB A-B-C-D-;6050.0;FORNITURE;ATTIVO;SETTORI ORDINARI;84001;AGRIGENTO;18/01/2023;18/01/2023;27;AFFIDAMENTO DIRETTO IN ADESIONE AD ACCORDO QUADRO/CONVENZIONE;11;CONTRATTO D'APPALTO DISCENDENTE DA ACCORDO QUADRO/CONVENZIONE SENZA SUCCESSIVO CONFRONTO COMPETITIVO;200146;2570930848;AZIENDA SANITARIA PROVINCIALE DI AGRIGENTO;SEZIONE REGIONALE SICILIA;CB617C76-6404-4B44-A3E6-84F8D59BA6A1;SERVIZIO PROVVEDITORATO;2023;1;33171000-9;STRUMENTI PER ANESTESIA E RIANIMAZIONE;1;;;;28/03/2023;;;;;1825.0;5.0;PROCEDURE SVOLTE ATTRAVERSO PIATTAFORME TELEMATICHE DI NEGOZIAZIONE ART.58;0;;;;;;;;;;;F02570930848202200102;0;;;;1.0;AGGIUDICATA;17/11/2023;0
9572210594;;8873928;LAVORI DI MANUTENZIONE STRAORDINARIA PONTI DELLE SS.PP. - ANNO 2022;100688.31;1;LAVORI DI MANUTENZIONE STRAORDINARIA PONTI DELLE SS.PP. - ANNO 2022;100688.31;LAVORI;ATTIVO;SETTORI ORDINARI;8004;IMPERIA;04/01/2023;18/01/2023;24;AFFIDAMENTO DIRETTO;1;CONTRATTO D'APPALTO;154156;247260086;AMMINISTRAZIONE PROVINCIALE IMPERIA;SEZIONE REGIONALE LIGURIA;3988;UFFICIO TECNICO;2023;1;45233141-9;LAVORI DI MANUTENZIONE STRADALE;1;;;;04/01/2023;;;;;210.0;5.0;PROCEDURE SVOLTE ATTRAVERSO PIATTAFORME TELEMATICHE DI NEGOZIAZIONE ART.58;0;;;;;;;;;6808.66;;2,47E+17;0;;;;1.0;AGGIUDICATA;12/04/2023;0
A02B2DACA6;;9427405;AFFIDAMENTO DIRETTO CONSULENTE ESPERTO JUNIOR PER SERVIZI DI MONITORAGGIO E SUPPORTO AMMINISTRATIVO, PROGETTO PAL 19/20 CARLOTTA CANNIZZO DOTT. SSA;62639.34;1;AFFIDAMENTO DIRETTO CONSULENTE ESPERTO JUNIOR PER SERVIZI DI MONITORAGGIO E SUPPORTO AMMINISTRATIVO, PROGETTO PAL 19/20 CARLOTTA CANNIZZO DOTT. SSA;62639.34;SERVIZI;ATTIVO;SETTORI ORDINARI;87015;CATANIA;03/01/2023;27/01/2023;24;AFFIDAMENTO DIRETTO;1;CONTRATTO D'APPALTO;158381;137020871;COMUNE DI CATANIA;SEZIONE REGIONALE SICILIA;80253527-F07C-4D4B-9751-9495CADE1336;DIREZIONE FAMIGLIA E POLITICHE SOCIALI;2023;1;85312320-8;SERVIZI DI CONSULENZA;1;;;;14/11/2023;;;;;720.0;1.0;PROCEDURA SVOLTA IN MODALITÀ TRADIZIONALE O CARTACEA;0;;;;;;;;;;;;0;;;;1.0;AGGIUDICATA;14/11/2023;0
96146357CB;8097649758;8911858;LOTTO 412 SUB LOTTI A E B - PROCEDURA APERTA TELEMATICA CENTRALIZZATA PER LA FORNITURA IN SOMMINISTRAZIONE QUINQUENNALE DI DISPOSITIVI MEDICI PER ANESTESIA E RIANIMAZIONE E TERAPIA DEL DOLORE - BACINO OCCIDENTALE.;71450.0;1;LOTTO 412 SUB LOTTI A E B - ;71450.0;FORNITURE;ATTIVO;SETTORI ORDINARI;84001;AGRIGENTO;18/01/2023;18/01/2023;27;AFFIDAMENTO DIRETTO IN ADESIONE AD ACCORDO QUADRO/CONVENZIONE;11;CONTRATTO D'APPALTO DISCENDENTE DA ACCORDO QUADRO/CONVENZIONE SENZA SUCCESSIVO CONFRONTO COMPETITIVO;200146;2570930848;AZIENDA SANITARIA PROVINCIALE DI AGRIGENTO;SEZIONE REGIONALE SICILIA;CB617C76-6404-4B44-A3E6-84F8D59BA6A1;SERVIZIO PROVVEDITORATO;2023;1;33171000-9;STRUMENTI PER ANESTESIA E RIANIMAZIONE;1;;;;28/03/2023;;;;;1825.0;5.0;PROCEDURE SVOLTE ATTRAVERSO PIATTAFORME TELEMATICHE DI NEGOZIAZIONE ART.58;0;;;;;;;;;;;F02570930848202200102;0;;;;1.0;AGGIUDICATA;17/11/2023;0
98273612D9;;9100251;MIGRAZIONE AL CLOUD ANAGRAFE PNRR;6264.0;1;MIGRAZIONE AL CLOUD ANAGRAFE PNRR;6264.0;SERVIZI;ATTIVO;SETTORI ORDINARI;22002;TRENTO;09/01/2023;09/01/2023;24;AFFIDAMENTO DIRETTO;1;CONTRATTO D'APPALTO;158913;271100224;COMUNE DI ALBIANO;SEZIONE REGIONALE PROVINCIA AUTONOMA DI TRENTO;56F837AB-3537-46BB-B695-26797E170278;SEGRETARIO COMUNALE;2023;1;72268000-1;SERVIZI DI FORNITURA DI SOFTWARE;1;;;;16/05/2023;;;;;730.0;3.0;CATALOGO ELETTRONICO ART.57: ACQUISTO DIRETTO;0;;;;;;;;;;;DEL. CONS.COM.47 /2022;0;;;;1.0;AGGIUDICATA;16/05/2023;1
9619333CB3;;8916181;LAVORI DI COMPLETAMENTO FUNZIONALE DEGLI IMPIANTI DI SOLLEVAMENTO A SERVIZIO DEI DISTRETTI II E VI E DEL COMIZIO 1 DEL 1^ DISTRETTO ED ADEGUAMENTO DELLE VASCHE DI ACCUMULO ED OPERE ACCESSORIE;3512096.88;1;LAVORI DI COMPLETAMENTO FUNZIONALE DEGLI IMPIANTI DI SOLLEVAMENTO A SERVIZIO DEI DISTRETTI II E VI E DEL COMIZIO 1 DEL 1^ DISTRETTO ED ADEGUAMENTO DELLE VASCHE DI ACCUMULO ED OPERE ACCESSORIE;3512096.88;LAVORI;ATTIVO;SETTORI ORDINARI;94052;ISERNIA;30/01/2023;06/03/2023;1;PROCEDURA APERTA;1;CONTRATTO D'APPALTO;242677;80001650946;CONSORZIO DI BONIFICA DELLA PIANA DI VENAFRO;SEZIONE REGIONALE MOLISE;7209A697-4C1D-49E0-83AB-B5D155975C70;DIREZIONE;2023;1;45247000-0;LAVORI DI COSTRUZIONE PER DIGHE, CANALI, RETI DI IRRIGAZIONE E ACQUEDOTTI;1;;;;20/02/2023;;;;;540.0;5.0;PROCEDURE SVOLTE ATTRAVERSO PIATTAFORME TELEMATICHE DI NEGOZIAZIONE ART.58;0;;;;;;;;;16595.82;;L80001650946202100001;0;;;;1.0;AGGIUDICATA;30/10/2023;0
9590589469;;8890456;ACQUISIZIONE PER L'ANNO 2023 DI ABBONAMENTI A RIVISTE SCIENTIFICHE PER IL SISTEMA BIBLIOSAN;9474991.47;22;ELSEVIER - SCOPUS PURE SCIVAL API;401275.69;FORNITURE;ATTIVO;SETTORI ORDINARI;18110;PAVIA;09/01/2023;19/01/2023;4;PROCEDURA NEGOZIATA SENZA PREVIA PUBBLICAZIONE;1;CONTRATTO D'APPALTO;161206;303490189;FONDAZIONE IRCCS POLICLINICO S.MATTEO ;SEZIONE REGIONALE LOMBARDIA;04D2D8E3-3972-4635-B1C4-9225F5436ED1;STRUTTURA PROVVEDITORATO;2023;1;22211000-2;RIVISTE SPECIALIZZATE;1;;;;10/01/2023;;;;;365.0;1.0;PROCEDURA SVOLTA IN MODALITÀ TRADIZIONALE O CARTACEA;0;;;;;;;;;;;;0;;;;1.0;AGGIUDICATA;02/11/2023;0
960689548C;80972806D6;8905382;LOTTO 76 SUB LOTTO A, B E C - PROCEDURA APERTA TELEMATICA CENTRALIZZATA PER LA FORNITURA IN SOMMINISTRAZIONE QUINQUENNALE DI DISPOSITIVI MEDICI PER ANESTESIA E RIANIMAZIONE E TERAPIA DEL DOLORE - BACINO OCCIDENTALE.;11225.0;1;LOTTO 76 SUB LOTTO A, B E C - SISTEMA THRIVE PER TERAPIA AD ELEVATE CONCENTRAZIONI E FLUSSI DI OSSIGENO UMIDIFICATO E RISCALDATO COMPOSTO DA MISCELATORE BLENDER FINO A 60 LT ED UMIDIFICATORE CON SENSORE DI FLUSSO INTEGRATO E CAVO RISCALDANTE NON STACCABILE REGOLABILE SU TRE RANGE DI T^ ( 26^-29^ OPPURE 30^-33^ OPPURE 33^-36^ );11225.0;FORNITURE;ATTIVO;SETTORI ORDINARI;84001;AGRIGENTO;18/01/2023;18/01/2023;27;AFFIDAMENTO DIRETTO IN ADESIONE AD ACCORDO QUADRO/CONVENZIONE;11;CONTRATTO D'APPALTO DISCENDENTE DA ACCORDO QUADRO/CONVENZIONE SENZA SUCCESSIVO CONFRONTO COMPETITIVO;200146;2570930848;AZIENDA SANITARIA PROVINCIALE DI AGRIGENTO;SEZIONE REGIONALE SICILIA;CB617C76-6404-4B44-A3E6-84F8D59BA6A1;SERVIZIO PROVVEDITORATO;2023;1;33171000-9;STRUMENTI PER ANESTESIA E RIANIMAZIONE;1;;;;03/04/2023;;;;;1825.0;5.0;PROCEDURE SVOLTE ATTRAVERSO PIATTAFORME TELEMATICHE DI NEGOZIAZIONE ART.58;0;;;;;;;;;;;F02570930848202200102;0;;;;1.0;AGGIUDICATA;07/11/2023;0
9711296EF7;;8996194;INTERCOMUN. COMPL. CARROZZE NCDP-CDPTR_PROC. 110/2023;255000.0;1;INTERCOMUN. COMPL. CARROZZE NCDP-CDPTR_PROC. 110/2023;255000.0;SERVIZI;ATTIVO;SETTORI SPECIALI;15146;MILANO;20/01/2023;10/03/2023;6;PROCEDURA NEGOZIATA SENZA PREVIA INDIZIONE DI GARA (SETTORI SPECIALI);1;CONTRATTO D'APPALTO;233860;6705490966;TRENORD S.R.L.;SEZIONE REGIONALE LOMBARDIA;247B4786-CCD9-4718-A3D4-15C74B114906;UNITA' ACQUISTI;2023;1;50220000-3;RIPARAZIONE, MANUTENZIONE E SERVIZI AFFINI CONNESSI ALLE FERROVIE ED ALTRE ATTREZZATURE;1;;;;14/03/2023;4.0;PROCEDURA CHE NON PREVEDE INDIZIONE DI GARA;;;180.0;1.0;PROCEDURA SVOLTA IN MODALITÀ TRADIZIONALE O CARTACEA;0;;;;;;;;;0.0;;;0;;;;;;;0
97087509F2;;8994782;SERVIZI DI GEOLOGIA E GEOTECNICA IVI COMPRESA LA RELAZIONE GEOLOGICA RELATIVAMENTE ALL'INTERVENTO DENOMINATO - RIFUNZIONALIZZAZIONE E RIUSO DELLA STRUTTURA SCUOLA PRIMARIA VIA ROSSINI CON ADEGUAMENTO STRUTTURALE E RIGENERAZIONE URBANA DELL'AREA PERTINENZIALE;7280.0;1;SERVIZI DI GEOLOGIA E GEOTECNICA IVI COMPRESA LA RELAZIONE GEOLOGICA RELATIVAMENTE ALL'INTERVENTO DENOMINATO - RIFUNZIONALIZZAZIONE E RIUSO DELLA STRUTTURA SCUOLA PRIMARIA VIA ROSSINI CON ADEGUAMENTO STRUTTURALE E RIGENERAZIONE URBANA DELL'AREA PERTINENZIALE;7280.0;SERVIZI;ATTIVO;SETTORI ORDINARI;61094;CASERTA;23/01/2023;26/01/2023;24;AFFIDAMENTO DIRETTO;1;CONTRATTO D'APPALTO;240969;81001230614;COMUNE DI TRENTOLA DUCENTA;SEZIONE REGIONALE CAMPANIA;91E42940-401D-48DB-AA3F-57C4BEB4DA4B;AREA LL.PP. - MANUTENTIVA E PATRIMONIO;2023;1;71351910-5;SERVIZI GEOLOGICI;1;;;;13/03/2023;;;7.0;PROCEDURA CHE NON PREVEDE INDIZIONE DI GARA;30.0;5.0;PROCEDURE SVOLTE ATTRAVERSO PIATTAFORME TELEMATICHE DI NEGOZIAZIONE ART.58;0;;;;;;;;;;;L81001230614202200027;0;;;;;;;1
97097871B7;;8995763;RDA 10131619 - FORNITURA MATERIALE PLC PER RINNOVO TLC PER VARI IMPIANTI DI ACQUE VERONESI;75100.12;1;RDA 10131619 - FORNITURA MATERIALE PLC PER RINNOVO TLC PER VARI IMPIANTI DI ACQUE VERONESI;75100.12;FORNITURE;ATTIVO;SETTORI SPECIALI;;;20/01/2023;06/02/2023;34;PROCEDURA NEGOZIATA PER AFFIDAMENTI SOTTO SOGLIA;17;ACCORDO QUADRO;216541;3567090232;ACQUE VERONESI S.C.A R.L.;SEZIONE REGIONALE VENETO;1F08CC7E-3CC9-48A3-8CAB-348B7284326C;DIREZIONE ACQUISTI COMUNICAZIONE E COMMERCIALE;2023;1;31680000-6;APPARECCHI ED ACCESSORI ELETTRICI;1;;;;13/03/2023;;;7.0;PROCEDURA CHE NON PREVEDE INDIZIONE DI GARA;270.0;6.0;ACCORDO QUADRO;0;;;;;;;;;0.0;;;0;;;;1.0;AGGIUDICATA;13/03/2023;0
9459687CA7;;8769739;POMPEI SCAVI - COPERTURA DELL'ATRIO DELLA CASA DELLA FONTANA PICCOLA.;300903.71;1;POMPEI SCAVI - COPERTURA DELL'ATRIO DELLA CASA DELLA FONTANA PICCOLA.;300903.71;LAVORI;ATTIVO;SETTORI ORDINARI;63058;NAPOLI;17/01/2023;09/02/2023;34;PROCEDURA NEGOZIATA PER AFFIDAMENTI SOTTO SOGLIA;1;CONTRATTO D'APPALTO;369305;90083400631;PARCO ARCHEOLOGICO DI POMPEI;SEZIONE REGIONALE CAMPANIA;0C1D4566-D64B-4586-B751-5718E8BA3FDF;SOPRINTENDENZA SPECIALE PER POMPEI, ERCOLANO E STABIA;2023;1;45454100-5;LAVORI DI RESTAURO;1;;;;17/01/2023;;;;;180.0;5.0;PROCEDURE SVOLTE ATTRAVERSO PIATTAFORME TELEMATICHE DI NEGOZIAZIONE ART.58;0;;;;;;;;;18872.86;;9,01E+20;0;;;;;;;0
94669939C2;903159759E;8777211;CIG DERIVATO - GARA ASUR LENTINE INTRAOCULARI (LOTTO 7) (DURATA 4 ANNI) (+ OPZIONI 40%) (+ OPZIONI 12 MESI PROROGA) (160.10.10/2022/PROV/1133);31350.0;1;CIG DERIVATO - GARA ASUR LENTINE INTRAOCULARI (LOTTO 7) (DURATA 4 ANNI) (+ OPZIONI 40%) (+ OPZIONI 12 MESI PROROGA) (160.10.10/2022/PROV/1133);31350.0;FORNITURE;ATTIVO;SETTORI ORDINARI;41044;PESARO E URBINO;15/01/2023;15/01/2023;27;AFFIDAMENTO DIRETTO IN ADESIONE AD ACCORDO QUADRO/CONVENZIONE;11;CONTRATTO D'APPALTO DISCENDENTE DA ACCORDO QUADRO/CONVENZIONE SENZA SUCCESSIVO CONFRONTO COMPETITIVO;285808;2432930416;AZIENDA OSPEDALIERA OSPEDALI RIUNITI MARCHE NORD;SEZIONE REGIONALE MARCHE;D8ECB3BA-23DA-4F6E-BC5D-760D355D1232;UOC GESTIONE APPROVVIGIONAMENTI BENI SERVIZI E LOGISTICA;2023;1;33731110-7;LENTI INTRAOCULARI;1;;;;10/01/2023;;;;;1440.0;5.0;PROCEDURE SVOLTE ATTRAVERSO PIATTAFORME TELEMATICHE DI NEGOZIAZIONE ART.58;0;;;;;;;;;;;F02432930416202100026;1;;;;;;;0
94665013C1;;8776666;SERVIZIO DI MANUTENZIONE FILTRI FAN COIL PRESSO I LOCALI DELL'AZIENDA OSPEDALIERO-UNIVERSITARIA DELLE MARCHE IN VIA CADUTI DEL LAVORO 40 - ANCONA (AN).;48500.0;1;SERVIZIO DI MANUTENZIONE FILTRI FAN COIL PRESSO I LOCALI DELL'AZIENDA OSPEDALIERO-UNIVERSITARIA DELLE MARCHE IN VIA CADUTI DEL LAVORO 40 - ANCONA (AN).;48500.0;SERVIZI;ATTIVO;SETTORI ORDINARI;42002;ANCONA;13/01/2023;25/01/2023;24;AFFIDAMENTO DIRETTO;1;CONTRATTO D'APPALTO;180406;1464630423;AZ.OPS.UNIV.OSPEDALI RIUN.UMBERTO I-LANCISI-SALESI;SEZIONE REGIONALE MARCHE;E3C43311-6CB3-4A0F-8E15-4BB892B9CCD7;AZIENDA OSPEDALIERO UNIVERSITARIA OSPEDALI RIUNITI UMBERTO I - LANCISI - SALESI;2023;1;50710000-5;SERVIZI DI RIPARAZIONE E MANUTENZIONE DI IMPIANTI ELETTRICI E MECCANICI DI EDIFICI;1;;;;12/01/2023;;;;;1825.0;5.0;PROCEDURE SVOLTE ATTRAVERSO PIATTAFORME TELEMATICHE DI NEGOZIAZIONE ART.58;0;;;;;;;;;;;;0;;;;1.0;AGGIUDICATA;27/04/2023;0
96147338AA;;8911831;G271 COMUNE DI PALENA - ECOEFFICIENZA E RIDUZIONE DEI CONSUMI ENERGETICI DEL TEATRO AVENTINO E. M.MARGADONNA PNRR M1C3;68950.95;1;G271 COMUNE DI PALENA - ECOEFFICIENZA E RIDUZIONE DEI CONSUMI ENERGETICI DEL TEATRO AVENTINO E. M.MARGADONNA PNRR M1C3;68950.95;LAVORI;ATTIVO;SETTORI ORDINARI;69060;CHIETI;20/01/2023;26/01/2023;24;AFFIDAMENTO DIRETTO;1;CONTRATTO D'APPALTO;405068;2510950690;UNIONE DEI COMUNI MONTANI MAIELLA ORIENTALE - VERDE AVENTINO;SEZIONE REGIONALE ABRUZZO;76ACEB31-B654-426A-8F1C-E2D7BA32D227;SETTORE GARE E CONTRATTI LAVORI PUBBLICI E MANUTENZIONI;2023;1;45454000-4;LAVORI DI RISTRUTTURAZIONE;1;;;;20/01/2023;;;;;90.0;5.0;PROCEDURE SVOLTE ATTRAVERSO PIATTAFORME TELEMATICHE DI NEGOZIAZIONE ART.58;0;;;;;;;;;3283.38;;;0;;;;1.0;AGGIUDICATA;26/09/2023;1
9614162178;;8911300;AFFIDAMENTO DELLA FORNITURA INERENTE GLI INTERVENTI VEGETAZIONALI NELL'AMBITO DEL PROGETTO OSSIGENO - 'SISTEMAZIONE AREA RICREATIVA A PONTE MARCONI IN ROMA - FORNITURA E POSA IN OPERA DI PRATO';66054.0;1;AFFIDAMENTO DELLA FORNITURA INERENTE GLI INTERVENTI VEGETAZIONALI NELL'AMBITO DEL PROGETTO OSSIGENO - 'SISTEMAZIONE AREA RICREATIVA A PONTE MARCONI IN ROMA - FORNITURA E POSA IN OPERA DI PRATO';66054.0;FORNITURE;ATTIVO;SETTORI ORDINARI;58091;ROMA;20/01/2023;30/01/2023;34;PROCEDURA NEGOZIATA PER AFFIDAMENTI SOTTO SOGLIA;1;CONTRATTO D'APPALTO;243052;90023880595;ENTE REGIONALE PARCO DEI MONTI AURUNCI;SEZIONE REGIONALE LAZIO;830F8DE6-E24E-4691-AA65-6974B808B433;PARCO NATURALE DEI MONTI AURUNCI;2023;1;03451100-7;PIANTE DA TRAPIANTARE;1;;;;20/01/2023;;;6.0;PROCEDURA NEGOZIATA SENZA PREVIO AVVISO DI GARA CONFORMEMENTE ALL'ART.63;7.0;5.0;PROCEDURE SVOLTE ATTRAVERSO PIATTAFORME TELEMATICHE DI NEGOZIAZIONE ART.58;0;;;1;AGGIUDICAZIONE, STIPULA ED ESECUZIONE DEL CONTRATTO;80143490581;REGIONE LAZIO;90023880595;ENTE REGIONALE PARCO DEI MONTI AURUNCI;654.0;;;0;;;;1.0;AGGIUDICATA;29/12/2023;0
9572436016;;8874112;LAVORI DI RIQUALIFICAZIONE DI VIA FONTANELLA NEL TRATTO COMPRESO TRA IL CIMITERO E L'ABBAZIA DI SANT'EGIDIO;267000.0;1;LAVORI DI RIQUALIFICAZIONE DI VIA FONTANELLA NEL TRATTO COMPRESO TRA IL CIMITERO E L'ABBAZIA DI SANT'EGIDIO;267000.0;LAVORI;ATTIVO;SETTORI ORDINARI;16203;BERGAMO;02/01/2023;19/01/2023;4;PROCEDURA NEGOZIATA SENZA PREVIA PUBBLICAZIONE;1;CONTRATTO D'APPALTO;245127;82003830161;COMUNE DI SOTTO IL MONTE GIOVANNI XXIII;SEZIONE REGIONALE LOMBARDIA;14E09473-50C8-442A-8094-3CB8D84B00A5;UFFICIO TECNICO - COMUNE DI SOTTO IL MONTE GIOVANNI XXIII;2023;1;45233000-9;LAVORI DI COSTRUZIONE, DI FONDAZIONE E DI SUPERFICIE PER AUTOSTRADE E STRADE;1;;;;27/12/2022;;;;;90.0;5.0;PROCEDURE SVOLTE ATTRAVERSO PIATTAFORME TELEMATICHE DI NEGOZIAZIONE ART.58;0;;;;;;;;;6000.0;;L82003830161202200001;0;;;;1.0;AGGIUDICATA;13/03/2023;0
95939634B9;;8892806;DET. 42 DEL 10/01/23 PROTESICA LOTTO 8 SANIFICAZIONE;393671.32;8;DET. 42 DEL 10.01.2023 LOTTO 8- ASL SULCIS (CARBONIA);20934.22;SERVIZI;ATTIVO;SETTORI ORDINARI;;;11/01/2023;15/02/2023;4;PROCEDURA NEGOZIATA SENZA PREVIA PUBBLICAZIONE;1;CONTRATTO D'APPALTO;670501;3990570925;AZIENDA REGIONALE DELLA SALUTE REGIONE SARDEGNA;NON CLASSIFICATO;B70CC6C7-75A4-4236-B105-B17FEEFD3A03;DIPARTIMENTO ACQUISTI E GESTIONE PATRIMONIALE;2023;1;90921000-9;SERVIZI DI DISINFEZIONE E DISINFESTAZIONE;1;;;;27/02/2023;;;;;90.0;5.0;PROCEDURE SVOLTE ATTRAVERSO PIATTAFORME TELEMATICHE DI NEGOZIAZIONE ART.58;0;;;;;;;;;;;;0;2.0;CONSEGNE COMPLEMENTARI;91433513F0;1.0;AGGIUDICATA;28/02/2023;0
9596148FD4;9016294130;8895756;SERVIZI DI TRASMISSIONE DATI E VOCE SU RETE FISSA;402039.48;1;SERVIZI DI TRASMISSIONE DATI E VOCE SU RETE FISSA;402039.48;SERVIZI;ATTIVO;SETTORI ORDINARI;;;26/01/2023;26/01/2023;27;AFFIDAMENTO DIRETTO IN ADESIONE AD ACCORDO QUADRO/CONVENZIONE;11;CONTRATTO D'APPALTO DISCENDENTE DA ACCORDO QUADRO/CONVENZIONE SENZA SUCCESSIVO CONFRONTO COMPETITIVO;217223;4290860370;AGENZIA REGIONALE PREVENZIONE AMBIENTE ENERGIA EMILIA ROMAGNA;SEZIONE REGIONALE EMILIA ROMAGNA;DC93D391-74D3-4E73-9059-9063FB52B6AD;SERVIZIO SISTEMI INFORMATIVI E INNOVAZIONE DIGITALE;2023;1;64210000-1;SERVIZI TELEFONICI E DI TRASMISSIONE DATI;1;;;;01/02/2023;;;;;1291.0;1.0;PROCEDURA SVOLTA IN MODALITÀ TRADIZIONALE O CARTACEA;0;;;;;;;;;;;S04290860370202200020;0;;;;;;;
