"cig","ruolo","codice_fiscale","denominazione","id_aggiudicazione"
"0193924F21",,"00721730216","FALEGNAMERIA NOECKLER DI NOECKLER WALTER & C. SNC","421000"
"0157013339",,"01851520245","ECO GREEN S.R.L.","14135"
"300469940D",,"00457890010","SIMA SOCIETA' INDUSTRIE METALLURGICHE AFFINI S.R.L. IN LIQUIDAZIO NE","249083"
"09736010F6",,"03831290287","ALTAMED S.R.L.","278191"
"801518216E","MANDANTE","08578370150","TRT TRASPORTI E TERRITORIO S.R.L. BREVEMENTE TRT S.R.L.","2537049"
"8744515A0D",,"03887390981","DANIELETTI IMPIANTI S.R.L.","2379504"
"87374850B9",,"00970180147","COSTRUZIONI FERRE' S.R.L.","2176932"
"5640381DA2",,"00076670595","ABBOTT S.R.L.","867021"
"2853147B60",,"00322090168","BETTINESCHI S.R.L.","399991"
"8716308CE5",,"08457170960","INDIVIOR ITALIA S.R.L.","2522718"
"303823707D",,"00887180248","ARES HOLDING S.P.A.","512260"
"016667046E",,"01545330605","TATANGELO CIRO - S.R.L.","11435"
"5785522BC7",,"02308140710","DAUNIA METANO S.R.L.","610494"
"5778905743",,"12086540155","RIZZOLI CORRIERE DELLA SERA MEDIAGROUP SPA O IN FORMA ABBREVIATA RCS MEDIAGROUP SPA O RCS S.P.A.","1518021"
"8870126389",,"03228720177","PLANITER S.R.L.","2044026"
"8884751876","MANDATARIA","01262011214","IMPRESA INESISTENTE","2244783"
"073791745E",,"00735390155","ASTRAZENECA S.P.A.","273912"
"2810371782","MANDATARIA","02923480780","ENNEBI RESTAURI S.A.S. DI BARBIERI P. & C.","226801"
"9996342A5F",,"04198550263","FLY S.R.L.","2562626"
"949676740C",,"05908410961","ANALYTICAL CONTROL DE MORI S.R.L.","2349195"
"8715270452",,"04029180371","COLOPLAST - S.P.A.","2501998"
"872126578C",,"06496050151","LEASEPLAN ITALIA SPA","1992291"
"099824844E","MANDANTE","06496050151","LEASEPLAN ITALIA SPA","350025"
"5618903171","MANDANTE","00595050634","KUADRA S.R.L. IN LIQUIDAZIONE","711415"
"5766339579","MANDATARIA","01369290471","LA SPIGA DI GRANO SOCIETA' COOPERATIVA SOCIALE ONLUS","714084"
"5766339579","MANDANTE","01142740479","SAMARCANDA - SOCIETA' COOPERATIVA SOCIALE A RESPONSABILITA' LIMITATA - ONLUS","714084"
"5800623985","MANDANTE","00090810383","COPMA SOC. COOP. A R.L. (SIGLA: COPMA)","616875"
"5792837052",,"00410650584","SIGMA-TAU INDUSTRIE FARMACEUTICHE RIUNITE SOCIETA' PER AZIONI","916934"
"9979207E1E",,"02481120463","GENERAL WORKS S.R.L.","2613030"
"9750746A24",,"92066030807","SYNAPSIS FORMAZIONE E INNOVAZIONE","2443020"
"8047675F7C",,"03070480607","MITAS ENDUSTRI SANAYI TICARET ANONIM SIRKETI","1661474"
"8048948A01",,"00179530381","PADANA SCAVI S.R.L.","2242660"
"8043291DB2",,"00735390155","ASTRAZENECA S.P.A.","2513065"
"8035094155","MANDANTE","FRPGNN84M28A390V","AZ.AGR. FRAPPI GIANNI","1674618"
"8046556412",,"02604800033","LUCON SPORT S.R.L.","1805495"
"5802694691",,"04029180371","COLOPLAST - S.P.A.","667289"
"5698637803",,"01317140059","C.S. COSTRUZIONI S.R.L","601391"
"285295903F",,"00050110527","INDUSTRIA FARMACEUTICA GALENICA SENESE S.R.L","350957"
"28347730AF",,"02454230042","D.P. MEDICAL S.R.L.","231668"
"08872738D5",,"SLMFPP56C25A351L","SALAMONE RAG. FILIPPO","148622"
"0159236DB0",,"01735300442","BAD.E.STRASS S.R.L.","25089"
"0815716E1F","MANDATARIA","08445111001","BANCA INFRASTRUTTURE INNOVAZIONE E SVILUPPO S.P.A. IN FORMA ABBRE VIATA BIIS S.P.A.","834174"
"8747814C78",,"05239350969","ELITECHGROUP S.P.A.","2124276"
"5678673D31",,"808186838B01","GENESYS TELECOMMUNICATIONS LABORATORIES BV","580802"
"0809161CC4",,"04029180371","COLOPLAST - S.P.A.","672313"
"5464572378",,"02160270365","RDS S.R.L.","583541"
"5494853025",,"02882720275","FALCOMER S.R.L.","610350"
"8051164EB3",,"00943250225","ASFALTEDIL S.R.L.","2207729"
"8747720EE5",,"00807290150","BIOTEST ITALIA SRL","2104758"
"9741070941",,"00102480555","COSP TECNO SERVICE SOC.COOPERATIVA","2590779"
"94584217EC",,"00575930565","ORTANA ASFALTI S.R.L.","2578517"
"9462518CDE",,"04029180371","COLOPLAST - S.P.A.","2375577"
"06232187C1",,"00207810284","LOHMANN & RAUSCHER S.R.L.","1470311"
"8050399769",,"00410650584","SIGMA-TAU INDUSTRIE FARMACEUTICHE RIUNITE SOCIETA' PER AZIONI","1730820"
"3066027584",,"00735390155","ASTRAZENECA S.P.A.","316595"
"9497488708",,"02394090878","IMPRESA INESISTENTE","2401151"
"94615459ED","MANDANTE","02198630390","GSA - GESTIONE SERVIZI AMBIENTALI SRL","2359966"
"945769834A",,"01809090127","C.G. SERVICE S.P.A.","2523131"
"95027995CF",,"04592321006","SEDIIN - S.P.A.","2498465"
"80345597D4",,"07129410721","SUD SERVICE SOCIETA' A RESPONSABILITA' LIMITATA","1676261"
"5460756667",,"02454230042","D.P. MEDICAL S.R.L.","800739"
"57844062D6",,"00735390155","ASTRAZENECA S.P.A.","1292644"
"5651751477",,"06832931007","GALA S.P.A.","852346"
"56488488D4",,"01689490900","NUREX S.R.L.","973295"
"5790205452",,"03936610967","ORTHOLAB S.R.L.","683638"
"0336357293",,"05083260488","ALSTOM SIGNALLING SOLUTIONS - S.R.L.","81565"
"0225077B67","MANDATARIA","00288220445","TROIANI & CIARROCCHI S.R.L.","25160"
"371398093E",,"03188180610","E.G. COSTRUZIONI S.R.L.","607385"
"875305517E",,"12525420159","XL INSURANCE COMPANY SE","1991630"
"8886416677",,"00323150094","TECNOELETTRA S.R.L.","2000456"
"8883597029",,"00307570788","PIROSSIGENO S.R.L.","2030844"
"88908956A7",,"02641900929","TRE N S.R.L.","2001197"
"8895058213",,"06144550966","ATON TECHNOLOGY S.R.L.","2053350"
"8012180419",,"00735390155","ASTRAZENECA S.P.A.","1972422"
"801536479D",,"07126180723","W D SALT S.R.L.","1938645"
"88646214AA",,"01206300194","ECOMEMBRANE S.R.L.","1978746"
"88949801B5",,"00268210903","MEDICAL S.R.L.","2225786"
"5678690B39",,"07585850584","LLOYD'S DI LONDRA","1268098"
"0316150F37",,"01793330596","WYETH LEDERLE SPA","79423"
"0312719FDD",,"00050110527","INDUSTRIA FARMACEUTICA GALENICA SENESE S.R.L","76740"
"5487505062",,"00807290150","BIOTEST ITALIA SRL","548102"
"8710590E40","MANDATARIA","01689590493","CONSORZIO STABILE L.R.C. SOCIETA' CONSORTILE A R.L.","2023849"
"8710590E40","MANDANTE","CSTPLA61M16M126F","CASTORANI PAOLO","2023849"
"8748992897","MANDATARIA","03303260750","PETITO PREFABBRICATI S.R.L.","2329710"
"8902926EF0","MANDANTE","DBNSFN71L27A757W","DE BONA                  STEFANO","2172270"
"8774879B37",,"00686360256","CADORE ASFALTI S.R.L.","2348783"
"32249332E6",,"FLCFBA61E26H501S","CENTRO ALIMENTARE FALCONI DI FALCONI FABIO","246929"
"01702785D8",,"00000000000000000001","MIRA TRADING LLP","7078"
"5853385E18",,"00617910070","ECOMETER DI SAUDIN PAOLO & C. S.N.C.","762338"
"08247751DC",,"01667110447","UNIPROJECT S.R.L.","220994"
"8965165034",,"12525420159","XL INSURANCE COMPANY SE","2047353"
"8038620F10",,"00735390155","ASTRAZENECA S.P.A.","1826758"
"886117481B",,"00735390155","ASTRAZENECA S.P.A.","2037179"
"8151985ED2","MANDATARIA","00307880435","CONTRAM S.P.A.","2048676"
"03447164A3",,"00076670595","ABBOTT S.R.L.","456317"
"03381591A2",,"00538260456","SELECTRIC - S.R.L.","978713"
"9735264200",,"01620800852","CO.ANT. S.R.L.","2437911"
"97095416B4","MANDANTE","08146231009","EURO FERROVIARIA S.R.L.","2427410"
"9496565D57",,"06496050151","LEASEPLAN ITALIA SPA","2421979"
"8016690DDB",,"01997520307","ADRIACOS S.R.L.","1633355"
